"tweet_id","in_reply_to_status_id","in_reply_to_user_id","timestamp","source","text","retweeted_status_id","retweeted_status_user_id","retweeted_status_timestamp","expanded_urls"
"900158976276418560","","","2017-08-23 00:53:18 +0000","<a href=""http://twitter.com/download/android"" rel=""nofollow"">Twitter for Android</a>","今早出门，小家伙照样在地上爬玩。我边走向门口边跟他说：“爸比要上班去了！”没想到小家伙竟然听懂了，举起右手挥手表示拜拜。之前都是口头跟他说了拜拜，他才挥手。","","","",""
"899889480504557568","","","2017-08-22 07:02:25 +0000","<a href=""http://twitter.com/download/android"" rel=""nofollow"">Twitter for Android</a>","秋老虎发威，不得不服！！ https://t.co/F8T1M2G7mF","","","","https://twitter.com/litanid/status/899889480504557568/photo/1,https://twitter.com/litanid/status/899889480504557568/photo/1"
"899551818828599297","","","2017-08-21 08:40:41 +0000","<a href=""http://twitter.com/download/android"" rel=""nofollow"">Twitter for Android</a>","露天电影，小时候美好的回忆！ https://t.co/oJLcj1Evpm","","","","https://twitter.com/litanid/status/899551818828599297/photo/1"
"899550735217577984","","","2017-08-21 08:36:22 +0000","<a href=""http://twitter.com/download/android"" rel=""nofollow"">Twitter for Android</a>","https://t.co/6iYoGtK45u","","","","https://twitter.com/litanid/status/899550735217577984/photo/1"
"899494941704859649","899477164239671296","786955927668699137","2017-08-21 04:54:40 +0000","<a href=""http://twitter.com/download/android"" rel=""nofollow"">Twitter for Android</a>","@Mb522723 这个可以有😊","","","",""
"898348447551504384","","","2017-08-18 00:58:55 +0000","<a href=""http://twitter.com/download/android"" rel=""nofollow"">Twitter for Android</a>","ac88u昨天像是被入侵了。无线无端被关掉，还以为硬件出故障。查看记录，重启路由器之前的记录全部被清除。","","","",""
"897271104594624512","","","2017-08-15 01:37:56 +0000","<a href=""http://twitter.com/download/android"" rel=""nofollow"">Twitter for Android</a>","去较远的上机机关开会，通知不给开公务车，那地方又不好停车，去开会的人又多，只能坐公交。现在机关办公室的真是越来越恶心了，上次竟然请卖保健产品的人给我们上课，现场推销卖产品。真是服了，领导也不把关。 https://t.co/wuM7xlpKSS","","","","https://twitter.com/litanid/status/897271104594624512/photo/1"
"897269568812363776","897129191778340864","36663471","2017-08-15 01:31:50 +0000","<a href=""http://twitter.com/download/android"" rel=""nofollow"">Twitter for Android</a>","@mwlind @leondellee 现在这种渣人一抓一大把！","","","",""
"894785321958653952","894783733739515904","46574977","2017-08-08 05:00:19 +0000","<a href=""http://twitter.com/download/android"" rel=""nofollow"">Twitter for Android</a>","@ChineseWSJ 你这ID挺有意思，中国的卫生巾，中国人的卫生巾。","","","",""
"894728044769718272","894726408878014464","786955927668699137","2017-08-08 01:12:43 +0000","<a href=""http://twitter.com/download/android"" rel=""nofollow"">Twitter for Android</a>","@Mb522723 看你比较活跃！","","","",""
"894571548874465280","894437511065247745","758179488429727745","2017-08-07 14:50:52 +0000","<a href=""http://twitter.com/download/android"" rel=""nofollow"">Twitter for Android</a>","@YN_CZTJ @mranti 你这个牛叉了！联通的大佬吧","","","",""
"894471867381174273","894436593318076416","894345280350330882","2017-08-07 08:14:46 +0000","<a href=""http://twitter.com/download/android"" rel=""nofollow"">Twitter for Android</a>","@KoxwellsonYeh @williamlong 猪脑🐷！","","","",""
"894413710852202496","894205154336964612","2937200676","2017-08-07 04:23:40 +0000","<a href=""http://twitter.com/download/android"" rel=""nofollow"">Twitter for Android</a>","@sijindeshudong @mranti 不错，字如其人，文静、端庄，大方、秀气！","","","",""
"894410786407194624","894370467305226240","21732054","2017-08-07 04:12:03 +0000","<a href=""http://twitter.com/download/android"" rel=""nofollow"">Twitter for Android</a>","@tixiang 这样打电话很不礼貌。我打别人电话一般连打两个没人接就不打了，发个信息或者再隔上几个小时打个电话如果没有回应就不打扰了。","","","",""
"893759969970896896","893630216865587201","158639577","2017-08-05 09:05:56 +0000","<a href=""http://twitter.com/download/android"" rel=""nofollow"">Twitter for Android</a>","@lymikko 何苦为了一个优盘拉低自己的道德呢","","","",""
"893337200191877120","893285974213636097","2786701","2017-08-04 05:06:00 +0000","<a href=""http://twitter.com/download/android"" rel=""nofollow"">Twitter for Android</a>","@williamlong 迅雷也将死矣。","","","",""
"891140063408439296","890176485943787521","786955927668699137","2017-07-29 03:35:22 +0000","<a href=""http://twitter.com/download/android"" rel=""nofollow"">Twitter for Android</a>","@Min12090820 那条头巾真幸福，羡慕嫉妒恨！","","","",""
"891139466022146048","891094163172671488","786955927668699137","2017-07-29 03:32:59 +0000","<a href=""http://twitter.com/download/android"" rel=""nofollow"">Twitter for Android</a>","@Min12090820 @F1engineV2 太有诱惑力了！","","","",""
"890929535746572288","890922488129093634","2597860738","2017-07-28 13:38:48 +0000","<a href=""http://twitter.com/download/android"" rel=""nofollow"">Twitter for Android</a>","@linjiahui0716 不错不错，是个才女。","","","",""
"890576653751013378","","","2017-07-27 14:16:35 +0000","<a href=""https://www.yiwan.pro"" rel=""nofollow"">YiwanWpToTw</a>","New link: 晚晴幽草轩 https://t.co/8mhSBmR27R https://t.co/8mhSBmR27R","","","","http://www.jeffjade.com/,http://www.jeffjade.com/"
"890131121702305793","","","2017-07-26 08:46:11 +0000","<a href=""http://twitter.com"" rel=""nofollow"">Twitter Web Client</a>","更新了博客主题为 Nana 3.14版本。
https://t.co/RPbjzx7E0H","","","","https://www.yiwan.pro"
"890018816259792897","889428614789255168","173725750","2017-07-26 01:19:56 +0000","<a href=""http://twitter.com/download/android"" rel=""nofollow"">Twitter for Android</a>","@kvsickcat @heejunjin 美女就是好，我就没fo","","","",""
"890018332308496384","889983966408658945","158678846","2017-07-26 01:18:00 +0000","<a href=""http://twitter.com/download/android"" rel=""nofollow"">Twitter for Android</a>","@heejunjin 这样的老婆真心好，老公偷买东西都没意见！","","","",""
"889871502102863873","","","2017-07-25 15:34:33 +0000","<a href=""http://twitter.com"" rel=""nofollow"">Twitter Web Client</a>","今天在Debian终端运行aptitude install mysql-server，竟然显示：“未发现 mysql-server 的候选版本 ”。查询得知：MariaDB is now the default MySQL variant in Debian 9。真心OUT了！ https://t.co/0UQZIB9TL9","","","","https://twitter.com/litanid/status/889871502102863873/photo/1,https://twitter.com/litanid/status/889871502102863873/photo/1"
"889480076818907136","","","2017-07-24 13:39:10 +0000","<a href=""http://twitter.com/download/android"" rel=""nofollow"">Twitter for Android</a>","此时此刻，这张图表达了我的真实想法！ https://t.co/kl6XZHsWzp","","","","https://twitter.com/litanid/status/889480076818907136/photo/1"
"889118057498423298","889100115717369857","2786701","2017-07-23 13:40:38 +0000","<a href=""http://twitter.com/download/android"" rel=""nofollow"">Twitter for Android</a>","@williamlong 这瓷碰的响亮，反映了部分国人的素质是如此的低下。","","","",""
"888954969885253633","","","2017-07-23 02:52:35 +0000","<a href=""http://twitter.com/download/android"" rel=""nofollow"">Twitter for Android</a>","怎么回事，财智官网连不上，数据也不能同步了？","","","",""
"888732963441065984","887574493413089280","825925035386757120","2017-07-22 12:10:25 +0000","<a href=""http://twitter.com/download/android"" rel=""nofollow"">Twitter for Android</a>","@renjianzhinanfm @scavin 真的假的，有没有比较权威的说法？","","","",""
"888262938850492416","888262263928377344","40813384","2017-07-21 05:02:42 +0000","<a href=""http://twitter.com/download/android"" rel=""nofollow"">Twitter for Android</a>","@TW_nextmedia 你妈，这都要日本证实。","","","",""
"888236785167249409","","","2017-07-21 03:18:46 +0000","<a href=""https://www.yiwan.pro"" rel=""nofollow"">YiwanWpToTw</a>","博客新文章《追美剧《穹顶之下（Under the dome）》后》：应该有五六年没有看过追过电视剧了。前一两个礼拜，挤出空闲和休息时间终于 I-I https://t.co/nHO32JdtCF","","","","https://www.yiwan.pro/?p=369"
"888198207301271552","888194349506232320","18181460","2017-07-21 00:45:29 +0000","<a href=""http://twitter.com/download/android"" rel=""nofollow"">Twitter for Android</a>","@mozhixu @mranti 说得比较理性，不像那些喷子信口雌黄！","","","",""
"888041637250650112","","","2017-07-20 14:23:19 +0000","<a href=""http://twitter.com/download/android"" rel=""nofollow"">Twitter for Android</a>","梅林KoolShare固件对翻墙软件shadowsocks进行下架处理！ https://t.co/wU12rECcaj","","","","https://twitter.com/litanid/status/888041637250650112/photo/1"
"888035037341392896","","","2017-07-20 13:57:06 +0000","<a href=""http://twitter.com/download/android"" rel=""nofollow"">Twitter for Android</a>","这几天天天晚上都下雨，搞得我三天都没出来跑步，这不，跑了不到两圈，又下大雨了！ https://t.co/L74FhTLnSC","","","","https://twitter.com/litanid/status/888035037341392896/photo/1"
"887950841574957058","","","2017-07-20 08:22:32 +0000","<a href=""http://twitter.com/download/android"" rel=""nofollow"">Twitter for Android</a>","Verifying myself: I am litanid on Keybase.io. Vqv4ERVOjcbz1faQptm1QSfLw3NHKzeIxW2a / https://t.co/RaZI6OSGnm","","","","https://keybase.io/litanid/sigs/Vqv4ERVOjcbz1faQptm1QSfLw3NHKzeIxW2a"
"887942817296728064","","","2017-07-20 07:50:39 +0000","<a href=""http://twitter.com/download/android"" rel=""nofollow"">Twitter for Android</a>","最近网络上形势比较紧张，看来得夹着尾巴了！","","","",""
"887653060931076096","887596497453236224","2786701","2017-07-19 12:39:16 +0000","<a href=""http://twitter.com/download/android"" rel=""nofollow"">Twitter for Android</a>","@williamlong 这个真心比较难选择！","","","",""
"887595745045389313","887554622948220928","21732054","2017-07-19 08:51:31 +0000","<a href=""http://twitter.com/download/android"" rel=""nofollow"">Twitter for Android</a>","@tixiang 素质都去哪了？内容一样不可耻，你倒是可以写个[转]啊","","","",""
"887477163611504640","","","2017-07-19 01:00:18 +0000","<a href=""http://twitter.com/download/android"" rel=""nofollow"">Twitter for Android</a>","昨天终于把《穹顶之下 under the dome》第三季看完了，一天都在看，整整看了九集，看得我头晕目眩。第三季质量明显不如前两季，拖沓啰嗦，几集就可以结局的，硬是生生拉到13集，逼得我不得不快进。","","","",""
"886790364685713410","","","2017-07-17 03:31:13 +0000","<a href=""http://twitter.com/download/android"" rel=""nofollow"">Twitter for Android</a>","又听到旧词新用：难民，来自微博的难民。我应该不算难民，真心不喜欢微博的风格，用不惯！","","","",""
"886778053661138944","886559441277014016","8956502","2017-07-17 02:42:18 +0000","<a href=""http://twitter.com/download/android"" rel=""nofollow"">Twitter for Android</a>","@StarKnight @scavin 小孩最喜欢撕这些小玩意了","","","",""
"886777381498757120","886265001303986176","866175097","2017-07-17 02:39:37 +0000","<a href=""http://twitter.com/download/android"" rel=""nofollow"">Twitter for Android</a>","@Nangcr @mranti 人老了，都不太想在社交工具上发信息，现在基本只在推上发几句牢骚。","","","",""
"885308473730244608","","","2017-07-13 01:22:43 +0000","<a href=""http://twitter.com/download/android"" rel=""nofollow"">Twitter for Android</a>","最近每晚都在看美剧《穹顶之下（Under the dome）》，昨天把第一季看完了，是在移动iptv盒子上看的。奇怪的是，有第一、三季，就是没有第二季。翻看了电视本身的终端还有另一个电视盒子的播放app，都是没有第二季。幸好，我的百度网盘已经把一到三季都转存进来，可以下载下来看。","","","",""
"885061078937460736","","","2017-07-12 08:59:39 +0000","<a href=""https://www.yiwan.pro"" rel=""nofollow"">YiwanWpToTw</a>","博客新文章《开始用 Journey 写日记》：从小学始就开始写日记了，不知不觉形成一种习惯。之前两篇日志大体“展示”了我的日 I-I https://t.co/9G2qzYyfpd","","","","https://www.yiwan.pro/?p=368"
"885002993690607616","","","2017-07-12 05:08:50 +0000","<a href=""http://twitter.com/download/android"" rel=""nofollow"">Twitter for Android</a>","RT @ruanyf: 发现一个网站relive.cc，可以将你的路线（跑步、骑车、健行等等）转换成视频。

要是做一个克隆，再加上分享到微信的功能，立刻就能拿到风投啊。https://t.co/Tcw8p7Rf4L https://t.co/QvvzNOBDJE","884947422320836608","1580781","2017-07-12 01:28:01 +0000","https://www.relive.cc/view/1078895740,https://twitter.com/ruanyf/status/884947422320836608/video/1,https://www.relive.cc/view/1078895740,https://twitter.com/ruanyf/status/884947422320836608/video/1"
"884907798588383232","","","2017-07-11 22:50:34 +0000","<a href=""http://twitter.com/download/android"" rel=""nofollow"">Twitter for Android</a>","用移动宽带，手机连接WiFi上网，联通手机营业厅App竟然登录不了，真是神奇的宽带！","","","",""
"884616633095921664","","","2017-07-11 03:33:35 +0000","<a href=""http://twitter.com/download/android"" rel=""nofollow"">Twitter for Android</a>","不知道现在开车的大部分司机，是真不知道还是假装糊涂抑或是想装B，夜晚城市路灯足够亮堂，却非要开着远光灯，简直要刺瞎对向车和人，就不能设身处地替别人着想吗？素质，素质！","","","",""
"884615316130504704","884308157928833025","21732054","2017-07-11 03:28:21 +0000","<a href=""http://twitter.com/download/android"" rel=""nofollow"">Twitter for Android</a>","@tixiang 这点我表示万分同意！","","","",""
"883849408252489728","883612252250791936","864918572962918400","2017-07-09 00:44:54 +0000","<a href=""http://twitter.com/download/android"" rel=""nofollow"">Twitter for Android</a>","@Vanessa_Zhang18 @mranti 发现如今港人的智商已经达到湾湾的水平了，可喜可贺！","","","",""
"883126016792604672","","","2017-07-07 00:50:24 +0000","<a href=""http://twitter.com/download/android"" rel=""nofollow"">Twitter for Android</a>","当别人把你对别人的信赖看成利用你的工具时，整个人感觉像是吃了屎一样 恶心！","","","",""
"883122509557547008","","","2017-07-07 00:36:28 +0000","<a href=""http://twitter.com/download/android"" rel=""nofollow"">Twitter for Android</a>","听闻韩国要改国名，像UC样震惊本宝宝了。韩国和朝鲜就是神奇的存在，不让别人叫汉城，不准别人叫三胖，你禁自己国民就行了，还能管住别国人的嘴？你们爱叫啥就叫啥，我想叫啥就叫啥！不过这也说明汉文化在这些国家的衰落。别人都在去汉化，香港自己的领土，去个殖民化都异常艰难！心痛啊！","","","",""
"882764517133832192","","","2017-07-06 00:53:56 +0000","<a href=""http://twitter.com/download/android"" rel=""nofollow"">Twitter for Android</a>","碰瓷鸡和碰瓷狗 https://t.co/gI5kP5Wg41","","","","https://twitter.com/litanid/status/882764517133832192/photo/1"
"882763827401457664","882655954575138817","3869810359","2017-07-06 00:51:12 +0000","<a href=""http://twitter.com/download/android"" rel=""nofollow"">Twitter for Android</a>","@yang1t @mranti 美女😊","","","",""
"882729442400808960","882648065987022848","791197","2017-07-05 22:34:34 +0000","<a href=""http://twitter.com/download/android"" rel=""nofollow"">Twitter for Android</a>","@bbcchinese @mranti 都是sb","","","",""
"882408115550904320","882226562463956993","78354042","2017-07-05 01:17:43 +0000","<a href=""http://twitter.com/download/android"" rel=""nofollow"">Twitter for Android</a>","@aiolosq @mranti 一些你懂的原因，省略了名字","","","",""
"882407769931784192","882160577937784832","876321004120936448","2017-07-05 01:16:21 +0000","<a href=""http://twitter.com/download/android"" rel=""nofollow"">Twitter for Android</a>","@cskun1989 @mranti 这根本就是两个概念，不要混淆是非，有点常识好不好！","","","",""
"882405023094784000","","","2017-07-05 01:05:26 +0000","<a href=""http://twitter.com/download/android"" rel=""nofollow"">Twitter for Android</a>","RT @F1engineV2: 大熊猫产子，哎呦喂 https://t.co/ZEYe83EZmb","882070006510493697","11908122","2017-07-04 02:54:12 +0000","https://twitter.com/F1engineV2/status/882070006510493697/photo/1,https://twitter.com/F1engineV2/status/882070006510493697/photo/1"
"882404585276452864","882070006510493697","11908122","2017-07-05 01:03:42 +0000","<a href=""http://twitter.com/download/android"" rel=""nofollow"">Twitter for Android</a>","@F1engineV2 @mranti 这个","","","",""
"881689969311465472","881484128440406016","90167513","2017-07-03 01:44:04 +0000","<a href=""http://twitter.com/download/android"" rel=""nofollow"">Twitter for Android</a>","@wentommy @mranti 不要相信任何人！","","","",""
"881520346288898050","","","2017-07-02 14:30:03 +0000","<a href=""http://twitter.com/download/android"" rel=""nofollow"">Twitter for Android</a>","晚上正在用我的笔记本，突然听到一声异响，没留意。没多久，电脑自动关机，也是没注意，以为是系统更新强制重启了。再开机，没用多长时间，电脑又自动突然关机。仔细检查才发现，笔电的电源适配器坏了，指示灯不亮，估计是烧了，先用其他笔电适配器顶着先。已经用了五六年了，也算是说得过去。 https://t.co/EUXB9xTFtV","","","","https://twitter.com/litanid/status/881520346288898050/photo/1"
"881033124112605184","880743056411983872","107653535","2017-07-01 06:14:00 +0000","<a href=""http://twitter.com/download/android"" rel=""nofollow"">Twitter for Android</a>","@txyyss @mranti 这个可以用来装下B","","","",""
"881032443892912128","880678871338803200","126581934","2017-07-01 06:11:18 +0000","<a href=""http://twitter.com/download/android"" rel=""nofollow"">Twitter for Android</a>","@dearemon @mranti 妹子错过了一个好老公。能写出这些文字的人是个实在人，信得过！","","","",""
"880643100334448640","880304830954094592","40813384","2017-06-30 04:24:11 +0000","<a href=""http://twitter.com/download/android"" rel=""nofollow"">Twitter for Android</a>","@TW_nextmedia 湾湾的确是弯了！！！！！","","","",""
"880290357342199808","","","2017-06-29 05:02:30 +0000","<a href=""http://2appstudio.com/journey"" rel=""nofollow"">Journey for Android   Chrome</a>","今天骑车上班，快一个月没有骑过车了，不锻炼真的不行。","","","",""
"879967535021424640","879909985202909184","791197","2017-06-28 07:39:44 +0000","<a href=""http://twitter.com/download/android"" rel=""nofollow"">Twitter for Android</a>","@bbcchinese 这话说得，让人无言以对！呵呵阿呵，哈哈哈哈，笑死了！","","","",""
"879720089477496833","","","2017-06-27 15:16:28 +0000","<a href=""http://2appstudio.com/journey"" rel=""nofollow"">Journey for Android   Chrome</a>","接触 linux 这么长时间，今天才知道有 pushd 和 popd 两个命令可以用来方便的在多个目录之间切换，out了！","","","",""
"879263224310284288","878583494804291584","40813384","2017-06-26 09:01:03 +0000","<a href=""http://twitter.com/download/android"" rel=""nofollow"">Twitter for Android</a>","@TW_nextmedia 小编是吃屎长大的吧","","","",""
"879253767312388097","","","2017-06-26 08:23:28 +0000","<a href=""https://www.yiwan.pro"" rel=""nofollow"">YiwanWpToTw</a>","博客新文章：《记录一次小小的追尾交通事故》 - 6月20日下午下班，天阴沉沉，似乎要下暴雨。在韶南大道百旺桥头红绿灯往马坝方向 - https://t.co/H5EkzDVRFS","","","","https://www.yiwan.pro/?p=367"
"878155918017347588","878136149109166081","232201624","2017-06-23 07:41:00 +0000","<a href=""http://twitter.com/download/android"" rel=""nofollow"">Twitter for Android</a>","@fangshimin 网上奇葩多！","","","",""
"878155563829387265","878072312527859713","132466805","2017-06-23 07:39:36 +0000","<a href=""http://twitter.com/download/android"" rel=""nofollow"">Twitter for Android</a>","@cuicat @mranti 我要去。","","","",""
"878153984724221952","","","2017-06-23 07:33:19 +0000","<a href=""http://twitter.com/download/android"" rel=""nofollow"">Twitter for Android</a>","车祸猛于虎，安全无小事！ https://t.co/3R8QwguAZg","","","","https://twitter.com/litanid/status/878153984724221952/photo/1,https://twitter.com/litanid/status/878153984724221952/photo/1,https://twitter.com/litanid/status/878153984724221952/photo/1,https://twitter.com/litanid/status/878153984724221952/photo/1"
"877910407100252160","","","2017-06-22 15:25:26 +0000","<a href=""https://www.yiwan.pro"" rel=""nofollow"">YiwanWpToTw</a>","New post: 尴尬的更改绑定手机号之经历 - 因为电信宽带两年合约到期，新套餐有点小贵，捆绑太多，不想续用，于是赶在5月最后 2017-06-22 https://t.co/3YupcNF9yy","","","","https://www.yiwan.pro/?p=366"
"877821241687552002","","","2017-06-22 09:31:07 +0000","<a href=""http://twitter.com/download/android"" rel=""nofollow"">Twitter for Android</a>","车终于修好了，车损总价1200元，对方也比较守信，通过微信转账给我，我微信在4S店付款，其他就没我什么事了，直接开走就行。 https://t.co/WhRIesBVwm","","","","https://twitter.com/litanid/status/877821241687552002/photo/1,https://twitter.com/litanid/status/877821241687552002/photo/1"
"877676883009077248","","","2017-06-21 23:57:30 +0000","<a href=""http://twitter.com/download/android"" rel=""nofollow"">Twitter for Android</a>","下雨天挤公交🚃，雨水汗水拧在一起。路上交通近乎瘫痪！ https://t.co/uruMOaOz3y","","","","https://twitter.com/litanid/status/877676883009077248/photo/1"
"877547360145915904","","","2017-06-21 15:22:49 +0000","<a href=""http://twitter.com/download/android"" rel=""nofollow"">Twitter for Android</a>","神医刘洪斌事件，如今看到的情况就是，各方都在推脱责任。有图有真相成了一句空话，把刘洪斌找出来估计得要死一大批人，不过估计刘洪斌是找不出来了。","","","",""
"877176852799930369","","","2017-06-20 14:50:33 +0000","<a href=""http://twitter.com/download/android"" rel=""nofollow"">Twitter for Android</a>","代步车被追尾了。过了红绿灯不满100米正好有个道口，对面车可以调头或横穿马路，当时有车在道口等待，我前车本来可以直走，结果他突然刹住不走了，隔壁车道又有车，我必然也刹车停住，结果被后车怼了屁股。车损不是严重，人也没事。交警不出，对方保险也不来现场，只是我方4S店人员来勘验。 https://t.co/5cZTzAdFt9","","","","https://twitter.com/litanid/status/877176852799930369/photo/1,https://twitter.com/litanid/status/877176852799930369/photo/1,https://twitter.com/litanid/status/877176852799930369/photo/1,https://twitter.com/litanid/status/877176852799930369/photo/1"
"876790216844918784","","","2017-06-19 13:14:12 +0000","<a href=""http://2appstudio.com/journey"" rel=""nofollow"">Journey for Android   Chrome</a>","今天一鼓作气把欠下的一个多月日记补上了。这人啊，拖延症就是比较严重，不治不行了。当然补还是补到之前为知笔记里的。Journey记录是从16号开始的。发现在Journey记日记比较随意方便点，差不多可以跟推特和微博一样的感觉。 — ☁️25°C","","","",""
"876665302825582593","876448656592822277","119609847","2017-06-19 04:57:50 +0000","<a href=""http://twitter.com/download/android"" rel=""nofollow"">Twitter for Android</a>","@aoi_sola 我cow，空姐的中文水平真高！","","","",""
"875725311639298048","","","2017-06-16 14:42:39 +0000","<a href=""https://www.yiwan.pro"" rel=""nofollow"">YiwanWpToTw</a>","New post: 一条狗引发的报警求助电话 - 5月7日，周日，早上六七点，LP像往常一样起来，上楼顶准备给菜浇水，突然又喊又 2017-06-16 https://t.co/3Ovoi0ywkW","","","","https://www.yiwan.pro/?p=365"
"875576654948556800","","","2017-06-16 04:51:56 +0000","<a href=""http://twitter.com/download/android"" rel=""nofollow"">Twitter for Android</a>","购买了google play store里第一款软件Journey，3.99美元。在国内支付比较麻烦，双币信用卡和Paypal都不能用，只得淘宝礼品卡。","","","",""
"875341964379541505","","","2017-06-15 13:19:22 +0000","<a href=""http://twitter.com/download/android"" rel=""nofollow"">Twitter for Android</a>","第一次酒驾，自认为比较清醒，自控能力还行，这样的情形下次应尽量避免。","","","",""
"875284825397092352","875206228124745728","158678846","2017-06-15 09:32:19 +0000","<a href=""http://twitter.com/download/android"" rel=""nofollow"">Twitter for Android</a>","@heejunjin 我还没小招","","","",""
"875284068165746688","874831792615895040","21732054","2017-06-15 09:29:18 +0000","<a href=""http://twitter.com/download/android"" rel=""nofollow"">Twitter for Android</a>","@tixiang 好像说得挺有道理。那要不跟人大建议下，把周末取消？😜","","","",""
"875282873644859393","874527963261358080","2786701","2017-06-15 09:24:33 +0000","<a href=""http://twitter.com/download/android"" rel=""nofollow"">Twitter for Android</a>","@williamlong 领导脑残！","","","",""
"875282643843076096","873429560020180992","21732054","2017-06-15 09:23:38 +0000","<a href=""http://twitter.com/download/android"" rel=""nofollow"">Twitter for Android</a>","@tixiang 记得西安有个华山国际大酒店，不敢住，住到了不远处的戴斯。","","","",""
"875281429973749760","874979885537742848","2786701","2017-06-15 09:18:49 +0000","<a href=""http://twitter.com/download/android"" rel=""nofollow"">Twitter for Android</a>","@williamlong 个人隐私就是这么暴出来的。所以我不到万不得已不在国内注册域名和申请网站。","","","",""
"875280680728444928","","","2017-06-15 09:15:50 +0000","<a href=""http://twitter.com/download/android"" rel=""nofollow"">Twitter for Android</a>","真是彻底服了如家，改个手机号码，上传三次身份证与脸部照都不通过，都说模糊看不清身份证号码，可见客服你是有多老花。且，如家店前台竟然没有权限改。体验性太差，其他快捷酒店都没问题，就你如家事情多，不让用就直说。","","","",""
"873153788055400448","873117493648216064","791197","2017-06-09 12:24:20 +0000","<a href=""http://twitter.com/download/android"" rel=""nofollow"">Twitter for Android</a>","@bbcchinese 不用就不用，干嘛要说出来","","","",""
"873148871332945920","","","2017-06-09 12:04:47 +0000","<a href=""http://twitter.com/download/android"" rel=""nofollow"">Twitter for Android</a>","电信宽带到期，改用移动光宽带，31号义无反顾的直接去电信营业厅给绑定的电信手机号停机注销了！直接注销了！真是佩服我自己的决绝，竟然不考虑有没有其他服务是与注销手机绑定的，譬如如家、携程等。结果因为收不到验证码改不了手机号。","","","",""
"872637080567861248","","","2017-06-08 02:11:07 +0000","<a href=""http://twitter.com/download/android"" rel=""nofollow"">Twitter for Android</a>","单位门口芒果即将成熟！！ https://t.co/ZzIVnfcGnD","","","","https://twitter.com/litanid/status/872637080567861248/photo/1"
"872620815576989696","872369592550686720","21732054","2017-06-08 01:06:29 +0000","<a href=""http://twitter.com/download/android"" rel=""nofollow"">Twitter for Android</a>","@tixiang 在国内，管理层基本都这样，一切领导说了算！","","","",""
"868655811219775488","","","2017-05-28 02:30:58 +0000","<a href=""http://twitter.com/download/android"" rel=""nofollow"">Twitter for Android</a>","邮政快递不是一般的慢，又要误我的事，下次赶时间的话真得跟卖家说坚决不用邮政。","","","",""
"868341468821200897","","","2017-05-27 05:41:53 +0000","<a href=""http://twitter.com/download/android"" rel=""nofollow"">Twitter for Android</a>","打开十五年前的作业本开始涂鸦！ https://t.co/8x1b57Wud2","","","","https://twitter.com/litanid/status/868341468821200897/photo/1"
"866681584153382912","","","2017-05-22 15:46:06 +0000","<a href=""http://twitter.com/download/android"" rel=""nofollow"">Twitter for Android</a>","通过登录光猫查看设置，发现移动宽带采用密码+SN 方式认证，区别于电信的LOID方式。","","","",""
"866680713646661632","","","2017-05-22 15:42:38 +0000","<a href=""http://twitter.com/download/android"" rel=""nofollow"">Twitter for Android</a>","电信宽带捆绑太多、收费太贵且乱，更甚上下行超级不对等，不得已昨天上午新申请了移动极宽带，不曾想安装工人中午就过来安装，速度之快史无前列，令我乍舌。移动宽带除了是内网IP和速度不太稳定外，其他都算可圈可点，最难能可贵的是上下行对等。","","","",""
"865238476630839297","865223351219830784","14462076","2017-05-18 16:11:42 +0000","<a href=""http://twitter.com/download/android"" rel=""nofollow"">Twitter for Android</a>","@leondellee 谢谢你让我知道了dlvr.it","","","",""
"864497725450051584","","","2017-05-16 15:08:13 +0000","<a href=""http://twitter.com/download/android"" rel=""nofollow"">Twitter for Android</a>","怎么都没想到今天就到了上海！ https://t.co/OPxVFLsn26","","","","https://twitter.com/litanid/status/864497725450051584/photo/1"
"863516862130266112","","","2017-05-13 22:10:37 +0000","<a href=""http://twitter.com/download/android"" rel=""nofollow"">Twitter for Android</a>","比特币勒索蠕虫病毒大概较久前听说过，如今终于大规模爆发！","","","",""
"862170937650593793","","","2017-05-10 05:02:24 +0000","<a href=""https://www.yiwan.pro"" rel=""nofollow"">YiwanWpToTw</a>","This is a test of WP to Twitter. https://t.co/RPbjzwQ2C7 (3101086)","","","","https://www.yiwan.pro"
"862082474704216064","861931689806749697","2893641882","2017-05-09 23:10:53 +0000","<a href=""http://twitter.com/download/android"" rel=""nofollow"">Twitter for Android</a>","@sagarmalik898 Welcome to twitter,my friend.","","","",""
"862081508974108672","861944282038411264","21732054","2017-05-09 23:07:03 +0000","<a href=""http://twitter.com/download/android"" rel=""nofollow"">Twitter for Android</a>","@tixiang 这个有点个性！","","","",""
"861507857761452033","","","2017-05-08 09:07:33 +0000","<a href=""http://twitter.com"" rel=""nofollow"">Twitter Web Client</a>","我只想做个正常的平凡人，活好自己，不苛刻别人，但别人也不要触碰我的底线。 https://t.co/MYalaAAJkV","","","","https://twitter.com/litanid/status/861507857761452033/photo/1"
"861507462502924288","","","2017-05-08 09:05:59 +0000","<a href=""http://twitter.com"" rel=""nofollow"">Twitter Web Client</a>","这个牛叉了 https://t.co/dTqranibsM","","","","https://twitter.com/litanid/status/861507462502924288/photo/1"
"861506916333240320","","","2017-05-08 09:03:49 +0000","<a href=""http://twitter.com"" rel=""nofollow"">Twitter Web Client</a>","这个真的可以学习学习😊😊 https://t.co/eJfEynmN56","","","","https://twitter.com/litanid/status/861506916333240320/photo/1"
"861506389830647808","","","2017-05-08 09:01:44 +0000","<a href=""http://twitter.com"" rel=""nofollow"">Twitter Web Client</a>","试过一段时间以脸书为社交中心，发现还是不适应脸书的方式，我还是切换回twitter为中心吧。以twitter为中心，同步到其他App。","","","",""
"855045988997898240","","","2017-04-20 13:10:24 +0000","<a href=""http://www.facebook.com/twitter"" rel=""nofollow"">Facebook</a>","终于松了口气！","","","",""
"854952543247417344","","","2017-04-20 06:59:05 +0000","<a href=""http://www.facebook.com/twitter"" rel=""nofollow"">Facebook</a>","宝宝心里苦 — 觉得低落","","","",""
"854851005078425600","","","2017-04-20 00:15:36 +0000","<a href=""http://www.facebook.com/twitter"" rel=""nofollow"">Facebook</a>","昨日已开始骑车或公交上班，开车真累！","","","",""
"854598500176117760","","","2017-04-19 07:32:14 +0000","<a href=""http://www.facebook.com/twitter"" rel=""nofollow"">Facebook</a>","在国内用cloudflare，如果没备案，不是加速，而是减速。","","","",""
"853409234238586880","","","2017-04-16 00:46:31 +0000","<a href=""http://www.facebook.com/twitter"" rel=""nofollow"">Facebook</a>","我现在就感觉到累，精神上的累。我也向往这种相处模式：两人处在一个空间，我知道你在，你知道我在，我们彼此专注着自己眼前的事，偶尔抬起头对上对方的眼神，悄然一笑，静谧安好。 https://t.co/56YJs9bSvC","","","","http://fb.me/8XPSGJOD8"
"853197091232862208","","","2017-04-15 10:43:32 +0000","<a href=""http://www.facebook.com/twitter"" rel=""nofollow"">Facebook</a>","突然发现wordpress的代码高亮插件Crayon Syntax Highlighter挺不错，还可以可视化编辑。","","","",""
"853016689138573312","","","2017-04-14 22:46:41 +0000","<a href=""http://www.facebook.com/twitter"" rel=""nofollow"">Facebook</a>","在十多年前买的笔记本上安装cinnamon，竟然进不去，显示崩溃，需要重启，重启多次也是进不去桌面，罢了！","","","",""
"852910410051207169","","","2017-04-14 15:44:22 +0000","<a href=""http://www.facebook.com/twitter"" rel=""nofollow"">Facebook</a>","https://t.co/RPbjzwQ2C7终于换成纯绿锁了！！！","","","","https://www.yiwan.pro"
"852535981919977475","","","2017-04-13 14:56:32 +0000","<a href=""http://www.facebook.com/twitter"" rel=""nofollow"">Facebook</a>","my blog终于上了https，虽然很多地方还不完善，速度也较慢，下来再慢慢改进！https://t.co/RPbjzwQ2C7","","","","https://www.yiwan.pro"
"847476866076114952","","","2017-03-30 15:53:24 +0000","<a href=""http://www.facebook.com/twitter"" rel=""nofollow"">Facebook</a>","今天Vultr日本🇯🇵节点速度好慢，ping值两三百，简直不能用的节奏！","","","",""
"846761326072385537","","","2017-03-28 16:30:06 +0000","<a href=""http://www.facebook.com/twitter"" rel=""nofollow"">Facebook</a>","piwigo良心作品，真心好用！","","","",""
"846276414932365313","","","2017-03-27 08:23:15 +0000","<a href=""http://www.facebook.com/twitter"" rel=""nofollow"">Facebook</a>","试用了Lychee、树洞外链、CF imagehost，都不甚理想，罢了。","","","",""
"846236236368924676","","","2017-03-27 05:43:35 +0000","<a href=""http://www.facebook.com/twitter"" rel=""nofollow"">Facebook</a>","折腾chevereto免费版没成功，本地、远程VPS都不成功。官网又打不开，翻墙也打不开，非得VPS才能打开。","","","",""
"846154796805480448","","","2017-03-27 00:19:59 +0000","<a href=""http://www.facebook.com/twitter"" rel=""nofollow"">Facebook</a>","法律在暴力面前形同虚设，只保护强者，弱者是需要法律意识，但更多的是需要智慧。智慧很难换成钱，也不如K吧里狂歌一曲来得痛快。可是智慧不会让你遇到麻烦，能够避免让你陷入困境。 https://t.co/FAtZSXLJhL","","","","http://fb.me/62ISi5a0f"
"845671342577922048","","","2017-03-25 16:18:54 +0000","<a href=""http://www.facebook.com/twitter"" rel=""nofollow"">Facebook</a>","感觉第三方图床不靠谱，想着自己搭建吧。","","","",""
"845609706118832128","","","2017-03-25 12:13:59 +0000","<a href=""http://www.facebook.com/twitter"" rel=""nofollow"">Facebook</a>","https图床最终还是选择了moetu。Postimg速度实在是有点慢。","","","",""
"845293037030785024","","","2017-03-24 15:15:39 +0000","<a href=""http://www.facebook.com/twitter"" rel=""nofollow"">Facebook</a>","Linux平台压缩解压软件强烈推荐：
命令行方式用 p7zip
图形界面用 PeaZip","","","",""
"845282155898941440","","","2017-03-24 14:32:25 +0000","<a href=""http://www.facebook.com/twitter"" rel=""nofollow"">Facebook</a>","My new post : https://t.co/DwtxZOojat","","","","http://fb.me/9wBpbdYZn"
"845281881918652416","","","2017-03-24 14:31:19 +0000","<a href=""http://www.facebook.com/twitter"" rel=""nofollow"">Facebook</a>","骑行-探索未知 | 往日微忆 https://t.co/R9PmoSqjJv","","","","http://fb.me/20To2n694"
"842416984637624321","","","2017-03-16 16:47:15 +0000","<a href=""http://www.facebook.com/twitter"" rel=""nofollow"">Facebook</a>","原来配线架是这样用滴！","","","",""
"841922769784832002","","","2017-03-15 08:03:25 +0000","<a href=""http://www.facebook.com/twitter"" rel=""nofollow"">Facebook</a>","苦不苦 https://t.co/501Lb5SbUs","","","","http://fb.me/7dAyVhyPC"
"841664065772560392","841634654985809920","2786701","2017-03-14 14:55:25 +0000","<a href=""http://twitter.com/download/android"" rel=""nofollow"">Twitter for Android</a>","@williamlong 片面之词","","","",""
"841275758416814080","","","2017-03-13 13:12:25 +0000","<a href=""http://www.facebook.com/twitter"" rel=""nofollow"">Facebook</a>","分享一个#内涵段子#: 一个直男的尴尬告白！#陈翔六点半# 点击查看图片：https://t.co/5nvgfD3f3t https://t.co/ZSus07wTj5","","","","http://m.neihanshequ.com/share/group/57791134952/?iid=8650246084&app=joke_essay,http://fb.me/7YQk7Bmmo"
"840956906961231872","","","2017-03-12 16:05:25 +0000","<a href=""http://www.facebook.com/twitter"" rel=""nofollow"">Facebook</a>","这几天生活好像是失去了目标，不知道要做什么事，没什么激情！","","","",""
"840805483204210690","","","2017-03-12 06:03:43 +0000","<a href=""http://www.facebook.com/twitter"" rel=""nofollow"">Facebook</a>","分析很深刻，强推！ https://t.co/Yv9sBt3i9l","","","","http://fb.me/34L4nBSJy"
"840805316161880064","","","2017-03-12 06:03:03 +0000","<a href=""http://www.facebook.com/twitter"" rel=""nofollow"">Facebook</a>","比较形象的说明白了WTO和TPP。大国博弈，需要实力，更要智慧，不是一味打打杀杀！ https://t.co/iWp4mDpuAy","","","","http://fb.me/8j2dYrRdH"
"839812120753561600","","","2017-03-09 12:16:27 +0000","<a href=""http://www.facebook.com/twitter"" rel=""nofollow"">Facebook</a>","想找个轻巧的云笔记应用，方便备份和跨平台使用，突然发现 WPS 云文档就能满足我的要求，手机和电脑必备软件，可以免安其他软件了。","","","",""
"839754693563809793","","","2017-03-09 08:28:15 +0000","<a href=""http://twitter.com/download/android"" rel=""nofollow"">Twitter for Android</a>","RT @fangshimin: 坐过山车能帮助排出肾结石，坐前排排出率4/24，后排排出率23/36。上肾盏结石排出率100%，中肾盏结石排出率56%，下肾盏结石排出率40%。 https://t.co/js8007n3Zp","839722945417105410","232201624","2017-03-09 06:22:06 +0000","https://twitter.com/fangshimin/status/839722945417105410/photo/1,https://twitter.com/fangshimin/status/839722945417105410/photo/1,https://twitter.com/fangshimin/status/839722945417105410/photo/1,https://twitter.com/fangshimin/status/839722945417105410/photo/1,https://twitter.com/fangshimin/status/839722945417105410/photo/1,https://twitter.com/fangshimin/status/839722945417105410/photo/1"
"839754073028993025","839750550203727872","21732054","2017-03-09 08:25:47 +0000","<a href=""http://twitter.com/download/android"" rel=""nofollow"">Twitter for Android</a>","@tixiang 还好，虽未授权，但不失版权。","","","",""
"839705303906136065","","","2017-03-09 05:12:00 +0000","<a href=""http://www.facebook.com/twitter"" rel=""nofollow"">Facebook</a>","一花一世界，一叶一菩提。做到善待他人、体谅他人，便能在这世俗的世界中得到内心的宁静。 https://t.co/44Pyj8MIlC","","","","http://fb.me/6780lA5JT"
"839702698425532416","","","2017-03-09 05:01:38 +0000","<a href=""http://www.facebook.com/twitter"" rel=""nofollow"">Facebook</a>","https://t.co/apNqeAbC2a https://t.co/nlQyfy0PsH","","","","http://mp.weixin.qq.com/s/5KtoCnAe9qBXvK91VGtqBA,http://fb.me/U0nL2wVk"
"839155904184344577","","","2017-03-07 16:48:52 +0000","<a href=""http://www.facebook.com/twitter"" rel=""nofollow"">Facebook</a>","LP大人这样搞法，真的让我的心很累！","","","",""
"838896469662806016","","","2017-03-06 23:37:58 +0000","<a href=""http://www.facebook.com/twitter"" rel=""nofollow"">Facebook</a>","强烈推荐央视节目《航拍中国》，高空俯瞰，奇美中国，尽收眼底！","","","",""
"838590529478635520","","","2017-03-06 03:22:17 +0000","<a href=""http://www.facebook.com/twitter"" rel=""nofollow"">Facebook</a>","VPS商家开始价格战，Vultr也降价了。为了节省开支，我把主机降级了。","","","",""
"836933891600441345","","","2017-03-01 13:39:23 +0000","<a href=""http://www.facebook.com/twitter"" rel=""nofollow"">Facebook</a>","网络收藏夹比较来比较去，感觉还是favii（https://t.co/dEqkMukLGU）好用，简捷、明了，不胡里花哨！ https://t.co/bxA6J9Cuqy","","","","http://www.favii.cn/,http://fb.me/3BjbWOwn6"
"836925485946830848","","","2017-03-01 13:05:59 +0000","<a href=""http://www.facebook.com/twitter"" rel=""nofollow"">Facebook</a>","推荐两个https图床，实测好用！https://t.co/etdnqkpqRH 和 https://t.co/0LjZYGsi59 。","","","","https://postimage.io/,https://www.tuchuang001.com/"
"835100373706657797","","","2017-02-24 12:13:39 +0000","<a href=""http://www.facebook.com/twitter"" rel=""nofollow"">Facebook</a>","今天又是折腾了一天社交软件，最后确定以 Facebook 为中心，同步至 Twitter 。同时个人博客日志自动同步至 Facebook 。关于Facebook 的状态信息备份至个人博客的事，下来再慢慢研究！—在韶關曲江區 ·... https://t.co/E5l4l4Qv7P","","","","http://fb.me/Zwb0RPte"
"834643407674892289","","","2017-02-23 05:57:49 +0000","<a href=""http://twitter.com/download/android"" rel=""nofollow"">Twitter for Android</a>","上联：若不撇开终是苦
下联：各自捺住即成名
横批：撇捺人生 https://t.co/S48LPIcF0U","","","","https://twitter.com/litanid/status/834643407674892289/photo/1"
"834382245737615361","","","2017-02-22 12:40:04 +0000","<a href=""https://www.yiwan.pro"" rel=""nofollow"">YiwanWpToTw</a>","New post: 春节海南环岛自驾六日游  女王早就计划春节自驾海南旅游，这个春节正好合适，于是出行。1 From https://t.co/aFv5l3ndeL","","","","http://www.yiwan.pro/?p=307"
"833961152891662336","","","2017-02-21 08:46:47 +0000","<a href=""http://twitter.com"" rel=""nofollow"">Twitter Web Client</a>","惊闻linode推出了5美元一月的VPS，赶紧注册了一个。","","","",""
"833960938688520192","","","2017-02-21 08:45:56 +0000","<a href=""http://twitter.com"" rel=""nofollow"">Twitter Web Client</a>","前几天偶然发现，工行信用卡的额度竟然涨成了以前的6倍，大妈还是比较给力啊。倒是广发，从不见主动提额，一开始还天天受到95508的电话骚扰。","","","",""
"832895862309220353","","","2017-02-18 10:13:42 +0000","<a href=""https://www.yiwan.pro"" rel=""nofollow"">YiwanWpToTw</a>","This is a test of WP to Twitter. https://t.co/a4IjBXUg5y (5272044)","","","","http://www.yiwan.pro"
"831350899817590784","","","2017-02-14 03:54:34 +0000","<a href=""http://twitter.com/download/android"" rel=""nofollow"">Twitter for Android</a>","https://t.co/3ZOES4tDF4","","","","https://twitter.com/litanid/status/831350899817590784/photo/1"
"830713251642044416","","","2017-02-12 09:40:47 +0000","<a href=""http://twitter.com"" rel=""nofollow"">Twitter Web Client</a>","这两天专注研究导出tweets到博客成单独一篇日志，搜索半天也是无果，只怪自己知识能力有限，下一步再好好学习twitter API和PHP。","","","",""
"830618064576139265","","","2017-02-12 03:22:33 +0000","<a href=""http://twitter.com"" rel=""nofollow"">Twitter Web Client</a>","现在导出个推文到博客咋就这么难呢，遥想以前嘀咕多方便，可惜都关闭了，谁之过错。","","","",""
"830297821903360000","","","2017-02-11 06:10:01 +0000","<a href=""http://twitter.com/download/android"" rel=""nofollow"">Twitter for Android</a>","Facebook怎么回事，纯粹不让人用的节奏，没用几天又让身份认证，哪这么多事。","","","",""
"830039095581696001","","","2017-02-10 13:01:56 +0000","<a href=""http://twitter.com"" rel=""nofollow"">Twitter Web Client</a>","这几天天气有点反常，太冷。看新闻，得知美国东北也是，前几天十六七度，转眼间就是零下十几度。","","","",""
"830038701161934849","","","2017-02-10 13:00:22 +0000","<a href=""http://twitter.com"" rel=""nofollow"">Twitter Web Client</a>","这几天，一直再寻找一种方法，可以把我的推文定期推送到我的博客中，比如说，一个月或者一个星期或者推文达到一定数量如30条就打包推送到博客中当作一篇日志，就像以前嘀咕当中的打嘀功能。有哪位大人可以推荐一下？","","","",""
"829877716279128065","","1580781","2017-02-10 02:20:40 +0000","<a href=""http://twitter.com"" rel=""nofollow"">Twitter Web Client</a>","@ruanyf 这段时间正苦于寻找备份推文到博客的方法，得贵文（https://t.co/FDcura6DSS）受益匪浅。","","","","https://tumutanzi.com/archives/12991"
"828989713189007361","","","2017-02-07 15:32:04 +0000","<a href=""http://twitter.com/download/android"" rel=""nofollow"">Twitter for Android</a>","无数次惨痛教训证明：绝对不能跟女人讲道理！","","","",""
"828874500443762688","","","2017-02-07 07:54:15 +0000","<a href=""http://twitter.com"" rel=""nofollow"">Twitter Web Client</a>","A Dark Room https://t.co/boN9viIlYJ","","","","http://adarkroom.doublespeakgames.com"
"824901879536553984","824897217957761024","2786701","2017-01-27 08:48:28 +0000","<a href=""http://twitter.com/download/android"" rel=""nofollow"">Twitter for Android</a>","@williamlong 这应该很性福才是！","","","",""
"823517817873936384","","","2017-01-23 13:08:42 +0000","<a href=""http://twitter.com/download/android"" rel=""nofollow"">Twitter for Android</a>","我的facebook帐号终于找回来了！！","","","",""
"823362382579666945","816959096884629504","119609847","2017-01-23 02:51:03 +0000","<a href=""http://twitter.com/download/android"" rel=""nofollow"">Twitter for Android</a>","@aoi_sola 敬爱的老师，要注意身体啊！","","","",""
"823361022580752384","823189489950474240","74064214","2017-01-23 02:45:39 +0000","<a href=""http://twitter.com/download/android"" rel=""nofollow"">Twitter for Android</a>","@mathwuyue @mranti 良心审稿","","","",""
"823360297947697152","823164345769041920","16051594","2017-01-23 02:42:46 +0000","<a href=""http://twitter.com/download/android"" rel=""nofollow"">Twitter for Android</a>","@HowardSu @mranti 背后肯定被贴字条了吧，写着我是程序猿。","","","",""
"792349149756743682","","","2016-10-29 12:55:33 +0000","<a href=""http://twitter.com/download/android"" rel=""nofollow"">Twitter for Android</a>","天气终于变冷了点，这下可以入秋了吧，但我还一直穿短袖短裤，应该可以坚持到11月。曾记得往年沟里都已经下过好多场雪了。","","","",""
"788626136913813504","","","2016-10-19 06:21:37 +0000","<a href=""http://twitter.com"" rel=""nofollow"">Twitter Web Client</a>","I just deployed a high performance cloud server on https://t.co/PpuJIq0zkY ! #ILoveVultr #Cloud https://t.co/7jMZoi6q61","","","","http://Vultr.com,http://goo.gl/ZLou61"
"742885024924454912","","","2016-06-15 01:02:46 +0000","<a href=""http://twitter.com/download/android"" rel=""nofollow"">Twitter for Android</a>","在网上想得到正确答案的最快方法不是提问题，而是发布一个错误的答案。网民们纠错的速度比回答问题的速度快得多，这叫做戈德温定律。","","","",""
"742545808080265216","","","2016-06-14 02:34:51 +0000","<a href=""http://twitter.com/download/android"" rel=""nofollow"">Twitter for Android</a>","宝宝心里苦，但没法说。","","","",""
"697615702598029312","679296606307414016","586198694","2016-02-11 02:58:39 +0000","<a href=""http://twitter.com/download/android"" rel=""nofollow"">Twitter for Android</a>","@catLin0 @mranti 喜欢这个小妹妹！","","","",""
"687306910974922752","","","2016-01-13 16:15:11 +0000","<a href=""http://twitter.com/download/android"" rel=""nofollow"">Twitter for Android</a>","生活很烦，很累！","","","",""
"679101627811258376","","","2015-12-22 00:50:19 +0000","<a href=""http://twitter.com/download/android"" rel=""nofollow"">Twitter for Android</a>","小时候印象最深刻的就是夏天到田间地头抓这个来烤着吃！ https://t.co/VYApeAnUjq","","","","https://twitter.com/litanid/status/679101627811258376/photo/1"
"675184541171064833","","","2015-12-11 05:25:13 +0000","<a href=""http://twitter.com/download/android"" rel=""nofollow"">Twitter for Android</a>","&lt;cp&gt;死刑的真正意义不是杀人偿命，而是给受害人一个交代，也给他自己一个交代，让他知道，其实被害人的生命跟他自己的一样宝贵。&lt;/cp&gt;","","","",""
"674603716264226817","674469889646592000","3299632876","2015-12-09 14:57:14 +0000","<a href=""http://twitter.com/download/android"" rel=""nofollow"">Twitter for Android</a>","@Yamadayuyu 是个美女","","","",""
"658546554832228353","","","2015-10-26 07:31:48 +0000","<a href=""http://twitter.com/download/android"" rel=""nofollow"">Twitter for Android</a>","随着年龄增大，加上经历了很多事情，越来越不想评论，越来越不想说话。","","","",""
"658545734480859136","","","2015-10-26 07:28:32 +0000","<a href=""http://twitter.com/download/android"" rel=""nofollow"">Twitter for Android</a>","RT @williamlong: 【免费图片素材网站LibreStock】可以快速搜索几乎所有高质量图片的网站，收录的网站使用CC0授权，无论是个人使用，或者套用到商业开发项目，甚至要直接后制或重制图片，都在许可的范围。","658491696821444608","2786701","2015-10-26 03:53:49 +0000",""
"658545654847795200","658491696821444608","2786701","2015-10-26 07:28:13 +0000","<a href=""http://twitter.com/download/android"" rel=""nofollow"">Twitter for Android</a>","@williamlong 马克","","","",""
"658540991071186944","658523195163607041","21732054","2015-10-26 07:09:42 +0000","<a href=""http://twitter.com/download/android"" rel=""nofollow"">Twitter for Android</a>","@tixiang 那不是风景正好！","","","",""
"658540430208839680","657527503632908288","2786701","2015-10-26 07:07:28 +0000","<a href=""http://twitter.com/download/android"" rel=""nofollow"">Twitter for Android</a>","@williamlong 辛苦啦！我虽不是搞it，但也兴趣熟悉，想当年天天给别人修电脑装系统日子也过得苦，又没法说。","","","",""
"658539358148952064","657020978510217216","3299632876","2015-10-26 07:03:12 +0000","<a href=""http://twitter.com/download/android"" rel=""nofollow"">Twitter for Android</a>","@Yamadayuyu @mranti 这妹纸很清秀！","","","",""
"656731469709221888","656661113065508864","232201624","2015-10-21 07:19:18 +0000","<a href=""http://twitter.com/download/android"" rel=""nofollow"">Twitter for Android</a>","@fangshimin 按我所学法律知识，这真不能反诉，只能另案起诉，法院才有可能合并审理。法院走程序很麻烦。","","","",""
"656728900647653377","656704616181067776","21732054","2015-10-21 07:09:06 +0000","<a href=""http://twitter.com/download/android"" rel=""nofollow"">Twitter for Android</a>","@tixiang 是湖建的吧，哈哈","","","",""
"606654204606705664","606634704410787840","232201624","2015-06-05 02:50:08 +0000","<a href=""http://twitter.com/download/android"" rel=""nofollow"">Twitter for Android</a>","@fangshimin 方大侠是到了美国生活？","","","",""
"602678526785953792","602675767957327874","232201624","2015-05-25 03:32:12 +0000","<a href=""http://twitter.com/download/android"" rel=""nofollow"">Twitter for Android</a>","@fangshimin @PlatoSailing 有安全带我就寄，为了自己安全！","","","",""
"573017664672538624","573012837771161600","2786701","2015-03-04 07:10:32 +0000","<a href=""http://twitter.com/download/android"" rel=""nofollow"">Twitter for Android</a>","@williamlong 闲的蛋疼就会恢复！","","","",""
"572785088754135040","","","2015-03-03 15:46:21 +0000","<a href=""http://twitter.com/download/android"" rel=""nofollow"">Twitter for Android</a>","近期，电影《五十度灰》热映，以尺度大、SM重口味博人眼球。今天耐着性子，终于快进看完。全剧剧情老套、沉闷、乏味、单调、空洞，让人昏昏欲睡，实乃垃圾之作，难怪在日本遭受冷落，强烈建议诸位不要看，浪费时间。《五十度灰》给予我的启示：不要把自己的愉悦建立在别人的痛苦之上。","","","",""
"533163079089926144","533024340539756545","7782442","2014-11-14 07:42:38 +0000","<a href=""http://twitter.com/download/android"" rel=""nofollow"">Twitter for Android</a>","@christinelu @mranti hello 美女！","","","",""
"531832172496175104","531822022393729024","119609847","2014-11-10 15:34:05 +0000","<a href=""http://twitter.com/download/android"" rel=""nofollow"">Twitter for Android</a>","@aoi_sola 空空 so beatiful!","","","",""
"530198958576922625","530057580563816448","119609847","2014-11-06 03:24:17 +0000","<a href=""http://twitter.com/download/android"" rel=""nofollow"">Twitter for Android</a>","@aoi_sola @kanikan7 空空的这句日语我看懂了！谢谢当年的日语mm老师。","","","",""
"529802937510289409","529669676331057154","791197","2014-11-05 01:10:38 +0000","<a href=""http://twitter.com/download/android"" rel=""nofollow"">Twitter for Android</a>","@bbcchinese 我勒个去，英国学生能听懂吗？","","","",""
"529801319985328130","529796662470799361","28148677","2014-11-05 01:04:12 +0000","<a href=""http://twitter.com/download/android"" rel=""nofollow"">Twitter for Android</a>","@alan_blake 这妹子最近天马行空！","","","",""
"528014663397548032","527845428654383104","21732054","2014-10-31 02:44:40 +0000","<a href=""http://twitter.com/download/android"" rel=""nofollow"">Twitter for Android</a>","@tixiang 进学校官方网站找。","","","",""
"528014218218323968","527861661831426048","28148677","2014-10-31 02:42:54 +0000","<a href=""http://twitter.com/download/android"" rel=""nofollow"">Twitter for Android</a>","@alan_blake 嘛问题？看下我能否解决！","","","",""
"528013793180147712","527907535156551680","791197","2014-10-31 02:41:12 +0000","<a href=""http://twitter.com/download/android"" rel=""nofollow"">Twitter for Android</a>","@bbcchinese He s 1 or 0?","","","",""
"528013092500680705","527990948647944192","2786701","2014-10-31 02:38:25 +0000","<a href=""http://twitter.com/download/android"" rel=""nofollow"">Twitter for Android</a>","@williamlong 没法，实不实行一个样，有钱的没钱的该生生，中间阶层放开生也没多少人想生。","","","",""
"527354010315943936","527290113059860482","46574977","2014-10-29 06:59:28 +0000","<a href=""http://twitter.com/download/android"" rel=""nofollow"">Twitter for Android</a>","@ChineseWSJ 我只能说：图样图森破！","","","",""
"527352721783812096","527319422940114944","21732054","2014-10-29 06:54:21 +0000","<a href=""http://twitter.com/download/android"" rel=""nofollow"">Twitter for Android</a>","@tixiang 难道这就是所谓的强迫症？","","","",""
"526550600234725376","517504400680435712","121908437","2014-10-27 01:47:00 +0000","<a href=""http://twitter.com/download/android"" rel=""nofollow"">Twitter for Android</a>","@tualatrix @mranti 顶你！","","","",""
"526149584435683329","526021102024544256","28148677","2014-10-25 23:13:30 +0000","<a href=""http://twitter.com/download/android"" rel=""nofollow"">Twitter for Android</a>","@alan_blake 特么啥人都有。","","","",""
"526149228528009216","526024685729763330","232201624","2014-10-25 23:12:06 +0000","<a href=""http://twitter.com/download/android"" rel=""nofollow"">Twitter for Android</a>","@fangshimin 发现老方果真是高手，名头不是盖的。","","","",""
"525556830760493057","525512338560913408","828742454","2014-10-24 07:58:07 +0000","<a href=""http://twitter.com/download/android"" rel=""nofollow"">Twitter for Android</a>","@krungy21 nihao.韩国妹妹！","","","",""
"525554756299661312","525498609039454209","119609847","2014-10-24 07:49:52 +0000","<a href=""http://twitter.com/download/android"" rel=""nofollow"">Twitter for Android</a>","@aoi_sola 为了空姐，我准备学好日语！","","","",""
"525554431987683328","525502987418869760","28148677","2014-10-24 07:48:35 +0000","<a href=""http://twitter.com/download/android"" rel=""nofollow"">Twitter for Android</a>","@alan_blake 一米八，这是女神的节奏！","","","",""
"525554113254154240","","","2014-10-24 07:47:19 +0000","<a href=""http://twitter.com/download/android"" rel=""nofollow"">Twitter for Android</a>","RT @songma: 实践证明，骂周小平已经成为彻底注销中国社交媒体账号的最快最省力方法。RT @beidaijin: @北京厨子 因骂周小平被新浪注销账号","525511453348864000","51772613","2014-10-24 04:57:48 +0000",""
"525553778229932032","525516626355949568","232201624","2014-10-24 07:45:59 +0000","<a href=""http://twitter.com/download/android"" rel=""nofollow"">Twitter for Android</a>","@fangshimin 群众的眼睛是雪亮的，越掩饰越露馅！","","","",""
"525551360247218176","525544390517723136","232201624","2014-10-24 07:36:23 +0000","<a href=""http://twitter.com/download/android"" rel=""nofollow"">Twitter for Android</a>","@fangshimin 看着不太吉祥啊！","","","",""
"525487600711110656","525480021918359552","791197","2014-10-24 03:23:01 +0000","<a href=""http://twitter.com/download/android"" rel=""nofollow"">Twitter for Android</a>","@bbcchinese 搞笑，共产党去参选，他是老大，其他都是小弟。","","","",""
"525183951493545985","525181467781914624","791197","2014-10-23 07:16:26 +0000","<a href=""http://twitter.com/download/android"" rel=""nofollow"">Twitter for Android</a>","@bbcchinese 梁振英说话太实在，不适合当领导，得要学些艺术，照此发展，下届他百分百没希望。","","","",""
"525180293024452608","525120091185098755","232201624","2014-10-23 07:01:53 +0000","<a href=""http://twitter.com/download/android"" rel=""nofollow"">Twitter for Android</a>","@fangshimin @mranti 老方啊，小心查水表！","","","",""
"525178323865849856","525116851093655552","51772613","2014-10-23 06:54:04 +0000","<a href=""http://twitter.com/download/android"" rel=""nofollow"">Twitter for Android</a>","@songma @mranti 真这样搞得话，facebook只有亏本的份！","","","",""
"525176702037540864","525135512869543936","2786701","2014-10-23 06:47:37 +0000","<a href=""http://twitter.com/download/android"" rel=""nofollow"">Twitter for Android</a>","@williamlong 老方跳得忒厉害了！","","","",""
"525176047667384321","525145677630681089","74418756","2014-10-23 06:45:01 +0000","<a href=""http://twitter.com/download/android"" rel=""nofollow"">Twitter for Android</a>","@tomgrundy 年轻人不知死活！","","","",""
"525175163399049217","525149031555543040","791197","2014-10-23 06:41:30 +0000","<a href=""http://twitter.com/download/android"" rel=""nofollow"">Twitter for Android</a>","@bbcchinese 这是在向美国示好！","","","",""
"525174085962063873","","","2014-10-23 06:37:14 +0000","<a href=""http://twitter.com/download/android"" rel=""nofollow"">Twitter for Android</a>","RT @aoi_sola: 中国には全くデザインの異なるレッドブルがあるんだが、
左は右よりタウリンが3倍。
右は左よりカフェインが3倍(と言っても日本のより少ない)。

日本のレッドブルには薬事法の関係でタウリンが含まれてないんだって。 http://t.co/Gh8ZXiE…","525171883113598976","119609847","2014-10-23 06:28:28 +0000","https://twitter.com/aoi_sola/status/525171883113598976/photo/1"
"525173668272287744","","","2014-10-23 06:35:34 +0000","<a href=""http://twitter.com/download/android"" rel=""nofollow"">Twitter for Android</a>","what's this?","","","",""
"524942858843729920","524851888039026688","27284203","2014-10-22 15:18:25 +0000","<a href=""http://twitter.com/download/android"" rel=""nofollow"">Twitter for Android</a>","@JeromeTaylor @mranti @johnnygurkha OMG,my great Kim III!","","","",""
"524940173746769921","524876005584822272","119609847","2014-10-22 15:07:44 +0000","<a href=""http://twitter.com/download/android"" rel=""nofollow"">Twitter for Android</a>","@aoi_sola 空姐现在都忙什么？","","","",""
